filename,true_label,pred_label,confidence
Corn_(maize)___Common_rust_\RS_Rust 1564_flipLR.JPG,Corn_(maize)___Common_rust_,Corn_(maize)___Common_rust_,0.9996881484985352
Corn_(maize)___Common_rust_\RS_Rust 1565_flipLR.JPG,Corn_(maize)___Common_rust_,Corn_(maize)___Common_rust_,0.9999700784683228
Corn_(maize)___Common_rust_\RS_Rust 1574.JPG,Corn_(maize)___Common_rust_,Corn_(maize)___Common_rust_,0.9998441934585571
Corn_(maize)___Common_rust_\RS_Rust 1576.JPG,Corn_(maize)___Common_rust_,Corn_(maize)___Common_rust_,0.9996955394744873
Corn_(maize)___Common_rust_\RS_Rust 1577_flipLR.JPG,Corn_(maize)___Common_rust_,Corn_(maize)___Common_rust_,0.9990398287773132
Corn_(maize)___Common_rust_\RS_Rust 1579.JPG,Corn_(maize)___Common_rust_,Corn_(maize)___Common_rust_,0.99988853931427
Corn_(maize)___Common_rust_\RS_Rust 1581.JPG,Corn_(maize)___Common_rust_,Corn_(maize)___Common_rust_,0.9998782873153687
Corn_(maize)___Common_rust_\RS_Rust 1582_flipLR.JPG,Corn_(maize)___Common_rust_,Corn_(maize)___Common_rust_,0.9999428987503052
Corn_(maize)___Common_rust_\RS_Rust 1583_flipLR.JPG,Corn_(maize)___Common_rust_,Corn_(maize)___Common_rust_,0.9997592568397522
Corn_(maize)___Common_rust_\RS_Rust 1585.JPG,Corn_(maize)___Common_rust_,Corn_(maize)___Common_rust_,0.9976288676261902
Corn_(maize)___Common_rust_\RS_Rust 1585_flipLR.JPG,Corn_(maize)___Common_rust_,Corn_(maize)___Common_rust_,0.9950225353240967
Corn_(maize)___Common_rust_\RS_Rust 1588.JPG,Corn_(maize)___Common_rust_,Corn_(maize)___Common_rust_,0.9994224309921265
Corn_(maize)___Common_rust_\RS_Rust 1590.JPG,Corn_(maize)___Common_rust_,Corn_(maize)___Common_rust_,0.9999527931213379
Corn_(maize)___Common_rust_\RS_Rust 1592.JPG,Corn_(maize)___Common_rust_,Corn_(maize)___Common_rust_,0.9998522996902466
Corn_(maize)___Common_rust_\RS_Rust 1596.JPG,Corn_(maize)___Common_rust_,Corn_(maize)___Common_rust_,0.9997826218605042
Corn_(maize)___Common_rust_\RS_Rust 1598_flipLR.JPG,Corn_(maize)___Common_rust_,Corn_(maize)___Common_rust_,0.9998307228088379
Corn_(maize)___Common_rust_\RS_Rust 1599_flipLR.JPG,Corn_(maize)___Common_rust_,Corn_(maize)___Common_rust_,0.9998064637184143
Corn_(maize)___Common_rust_\RS_Rust 1605_flipLR.JPG,Corn_(maize)___Common_rust_,Corn_(maize)___Common_rust_,0.9987494945526123
Corn_(maize)___Common_rust_\RS_Rust 1607.JPG,Corn_(maize)___Common_rust_,Corn_(maize)___Common_rust_,0.9995995163917542
Corn_(maize)___Common_rust_\RS_Rust 1607_flipLR.JPG,Corn_(maize)___Common_rust_,Corn_(maize)___Common_rust_,0.9998736381530762
Corn_(maize)___Common_rust_\RS_Rust 1611.JPG,Corn_(maize)___Common_rust_,Corn_(maize)___Common_rust_,0.999476969242096
Corn_(maize)___Common_rust_\RS_Rust 1618.JPG,Corn_(maize)___Common_rust_,Corn_(maize)___Common_rust_,0.9992054104804993
Corn_(maize)___Common_rust_\RS_Rust 1624.JPG,Corn_(maize)___Common_rust_,Corn_(maize)___Common_rust_,0.9993762373924255
Corn_(maize)___Common_rust_\RS_Rust 1625_flipLR.JPG,Corn_(maize)___Common_rust_,Corn_(maize)___Common_rust_,0.9997739195823669
Corn_(maize)___Common_rust_\RS_Rust 1626.JPG,Corn_(maize)___Common_rust_,Corn_(maize)___Common_rust_,0.999545156955719
Corn_(maize)___Common_rust_\RS_Rust 1626_flipLR.JPG,Corn_(maize)___Common_rust_,Corn_(maize)___Common_rust_,0.9998420476913452
Corn_(maize)___Common_rust_\RS_Rust 1628_flipLR.JPG,Corn_(maize)___Common_rust_,Corn_(maize)___Common_rust_,0.9997841715812683
Corn_(maize)___Common_rust_\RS_Rust 1630.JPG,Corn_(maize)___Common_rust_,Corn_(maize)___Common_rust_,0.997165858745575
Corn_(maize)___Common_rust_\RS_Rust 1633.JPG,Corn_(maize)___Common_rust_,Corn_(maize)___Common_rust_,0.984302282333374
Corn_(maize)___Common_rust_\RS_Rust 1635_flipLR.JPG,Corn_(maize)___Common_rust_,Corn_(maize)___Common_rust_,0.9999383687973022
Corn_(maize)___Common_rust_\RS_Rust 1644_flipLR.JPG,Corn_(maize)___Common_rust_,Corn_(maize)___Common_rust_,0.9987940788269043
Corn_(maize)___Common_rust_\RS_Rust 1646_flipLR.JPG,Corn_(maize)___Common_rust_,Corn_(maize)___Common_rust_,0.998488187789917
Corn_(maize)___Common_rust_\RS_Rust 1647_flipLR.JPG,Corn_(maize)___Common_rust_,Corn_(maize)___Common_rust_,0.9999685287475586
Corn_(maize)___Common_rust_\RS_Rust 1652_flipLR.JPG,Corn_(maize)___Common_rust_,Corn_(maize)___Common_rust_,0.9999567270278931
Corn_(maize)___Common_rust_\RS_Rust 1653.JPG,Corn_(maize)___Common_rust_,Corn_(maize)___Common_rust_,0.9998142123222351
Corn_(maize)___Common_rust_\RS_Rust 1656.JPG,Corn_(maize)___Common_rust_,Corn_(maize)___Common_rust_,0.9997034668922424
Corn_(maize)___Common_rust_\RS_Rust 1658_flipLR.JPG,Corn_(maize)___Common_rust_,Corn_(maize)___Common_rust_,0.9922062754631042
Corn_(maize)___Common_rust_\RS_Rust 1659.JPG,Corn_(maize)___Common_rust_,Corn_(maize)___Common_rust_,0.9997542500495911
Corn_(maize)___Common_rust_\RS_Rust 1660.JPG,Corn_(maize)___Common_rust_,Corn_(maize)___Common_rust_,0.9998525381088257
Corn_(maize)___Common_rust_\RS_Rust 1661_flipLR.JPG,Corn_(maize)___Common_rust_,Corn_(maize)___Common_rust_,0.9998652935028076
Corn_(maize)___Common_rust_\RS_Rust 1663.JPG,Corn_(maize)___Common_rust_,Corn_(maize)___Common_rust_,0.9998055100440979
Corn_(maize)___Common_rust_\RS_Rust 1665_flipLR.JPG,Corn_(maize)___Common_rust_,Corn_(maize)___Common_rust_,0.9997156262397766
Corn_(maize)___Common_rust_\RS_Rust 1666.JPG,Corn_(maize)___Common_rust_,Corn_(maize)___Common_rust_,0.99982088804245
Corn_(maize)___Common_rust_\RS_Rust 1669.JPG,Corn_(maize)___Common_rust_,Corn_(maize)___Common_rust_,0.9984561204910278
Corn_(maize)___Common_rust_\RS_Rust 1675_flipLR.JPG,Corn_(maize)___Common_rust_,Corn_(maize)___Common_rust_,0.9999728202819824
Corn_(maize)___Common_rust_\RS_Rust 1676.JPG,Corn_(maize)___Common_rust_,Corn_(maize)___Common_rust_,0.9992573857307434
Corn_(maize)___Common_rust_\RS_Rust 1679_flipLR.JPG,Corn_(maize)___Common_rust_,Corn_(maize)___Common_rust_,0.9998824596405029
Corn_(maize)___Common_rust_\RS_Rust 1681.JPG,Corn_(maize)___Common_rust_,Corn_(maize)___Common_rust_,0.9996706247329712
Corn_(maize)___Common_rust_\RS_Rust 1682_flipLR.JPG,Corn_(maize)___Common_rust_,Corn_(maize)___Common_rust_,0.9998482465744019
Corn_(maize)___Common_rust_\RS_Rust 1684_flipLR.JPG,Corn_(maize)___Common_rust_,Corn_(maize)___Common_rust_,0.9974601864814758
Corn_(maize)___Common_rust_\RS_Rust 1685_flipLR.JPG,Corn_(maize)___Common_rust_,Corn_(maize)___Common_rust_,0.9994992017745972
Corn_(maize)___Common_rust_\RS_Rust 1689_flipLR.JPG,Corn_(maize)___Common_rust_,Corn_(maize)___Common_rust_,0.9964602589607239
Corn_(maize)___Common_rust_\RS_Rust 1690.JPG,Corn_(maize)___Common_rust_,Corn_(maize)___Common_rust_,0.9992406368255615
Corn_(maize)___Common_rust_\RS_Rust 1692_flipLR.JPG,Corn_(maize)___Common_rust_,Corn_(maize)___Common_rust_,0.9996558427810669
Corn_(maize)___Common_rust_\RS_Rust 1694.JPG,Corn_(maize)___Common_rust_,Corn_(maize)___Common_rust_,0.9994648098945618
Corn_(maize)___Common_rust_\RS_Rust 1697.JPG,Corn_(maize)___Common_rust_,Corn_(maize)___Common_rust_,0.9994169473648071
Corn_(maize)___Common_rust_\RS_Rust 1699_flipLR.JPG,Corn_(maize)___Common_rust_,Corn_(maize)___Common_rust_,0.9995774626731873
Corn_(maize)___Common_rust_\RS_Rust 1702.JPG,Corn_(maize)___Common_rust_,Corn_(maize)___Common_rust_,0.9994857311248779
Corn_(maize)___Common_rust_\RS_Rust 1703.JPG,Corn_(maize)___Common_rust_,Corn_(maize)___Common_rust_,0.9994431138038635
Corn_(maize)___Common_rust_\RS_Rust 1709_flipLR.JPG,Corn_(maize)___Common_rust_,Corn_(maize)___Common_rust_,0.9991298317909241
Corn_(maize)___Common_rust_\RS_Rust 1710_flipLR.JPG,Corn_(maize)___Common_rust_,Corn_(maize)___Common_rust_,0.9999374151229858
Corn_(maize)___Common_rust_\RS_Rust 1712_flipLR.JPG,Corn_(maize)___Common_rust_,Corn_(maize)___Common_rust_,0.9987425208091736
Corn_(maize)___Common_rust_\RS_Rust 1713.JPG,Corn_(maize)___Common_rust_,Corn_(maize)___Common_rust_,0.9996730089187622
Corn_(maize)___Common_rust_\RS_Rust 1720.JPG,Corn_(maize)___Common_rust_,Corn_(maize)___Common_rust_,0.9997401833534241
Corn_(maize)___Common_rust_\RS_Rust 1721_flipLR.JPG,Corn_(maize)___Common_rust_,Corn_(maize)___Common_rust_,0.9999208450317383
Corn_(maize)___Common_rust_\RS_Rust 1725.JPG,Corn_(maize)___Common_rust_,Corn_(maize)___Common_rust_,0.9992062449455261
Corn_(maize)___Common_rust_\RS_Rust 1729_flipLR.JPG,Corn_(maize)___Common_rust_,Corn_(maize)___Common_rust_,0.9998577833175659
Corn_(maize)___Common_rust_\RS_Rust 1735_flipLR.JPG,Corn_(maize)___Common_rust_,Corn_(maize)___Common_rust_,0.9997019171714783
Corn_(maize)___Common_rust_\RS_Rust 1742.JPG,Corn_(maize)___Common_rust_,Corn_(maize)___Common_rust_,0.99945467710495
Corn_(maize)___Common_rust_\RS_Rust 1742_flipLR.JPG,Corn_(maize)___Common_rust_,Corn_(maize)___Common_rust_,0.9996067881584167
Corn_(maize)___Common_rust_\RS_Rust 1743_flipLR.JPG,Corn_(maize)___Common_rust_,Corn_(maize)___Common_rust_,0.9992859959602356
Corn_(maize)___Common_rust_\RS_Rust 1749.JPG,Corn_(maize)___Common_rust_,Corn_(maize)___Common_rust_,0.998900294303894
Corn_(maize)___Common_rust_\RS_Rust 1750_flipLR.JPG,Corn_(maize)___Common_rust_,Corn_(maize)___Common_rust_,0.9985100626945496
Corn_(maize)___Common_rust_\RS_Rust 1751.JPG,Corn_(maize)___Common_rust_,Corn_(maize)___Common_rust_,0.9996057152748108
Corn_(maize)___Common_rust_\RS_Rust 1754.JPG,Corn_(maize)___Common_rust_,Corn_(maize)___Common_rust_,0.9990854263305664
Corn_(maize)___Common_rust_\RS_Rust 1755.JPG,Corn_(maize)___Common_rust_,Corn_(maize)___Common_rust_,0.9989773035049438
Corn_(maize)___Common_rust_\RS_Rust 1756_flipLR.JPG,Corn_(maize)___Common_rust_,Corn_(maize)___Common_rust_,0.9988638162612915
Corn_(maize)___Common_rust_\RS_Rust 1758.JPG,Corn_(maize)___Common_rust_,Corn_(maize)___Common_rust_,0.9992666840553284
Corn_(maize)___Common_rust_\RS_Rust 1759_flipLR.JPG,Corn_(maize)___Common_rust_,Corn_(maize)___Common_rust_,0.9983879327774048
Corn_(maize)___Common_rust_\RS_Rust 1761.JPG,Corn_(maize)___Common_rust_,Corn_(maize)___Common_rust_,0.9999585151672363
Corn_(maize)___Common_rust_\RS_Rust 1766.JPG,Corn_(maize)___Common_rust_,Corn_(maize)___Common_rust_,0.999396562576294
Corn_(maize)___Common_rust_\RS_Rust 1768.JPG,Corn_(maize)___Common_rust_,Corn_(maize)___Common_rust_,0.9983692765235901
Corn_(maize)___Common_rust_\RS_Rust 1769.JPG,Corn_(maize)___Common_rust_,Corn_(maize)___Common_rust_,0.9998168349266052
Corn_(maize)___Common_rust_\RS_Rust 1770.JPG,Corn_(maize)___Common_rust_,Corn_(maize)___Common_rust_,0.9999203681945801
Corn_(maize)___Common_rust_\RS_Rust 1771_flipLR.JPG,Corn_(maize)___Common_rust_,Corn_(maize)___Common_rust_,0.9959515333175659
Corn_(maize)___Common_rust_\RS_Rust 1773.JPG,Corn_(maize)___Common_rust_,Corn_(maize)___Common_rust_,0.9998031258583069
Corn_(maize)___Common_rust_\RS_Rust 1773_flipLR.JPG,Corn_(maize)___Common_rust_,Corn_(maize)___Common_rust_,0.9993442893028259
Corn_(maize)___Common_rust_\RS_Rust 1774.JPG,Corn_(maize)___Common_rust_,Corn_(maize)___Common_rust_,0.9998910427093506
Corn_(maize)___Common_rust_\RS_Rust 1775_flipLR.JPG,Corn_(maize)___Common_rust_,Corn_(maize)___Common_rust_,0.9993330836296082
Corn_(maize)___Common_rust_\RS_Rust 1777_flipLR.JPG,Corn_(maize)___Common_rust_,Corn_(maize)___Common_rust_,0.9985951781272888
Corn_(maize)___Common_rust_\RS_Rust 1779_flipLR.JPG,Corn_(maize)___Common_rust_,Corn_(maize)___Common_rust_,0.9987917542457581
Corn_(maize)___Common_rust_\RS_Rust 1782.JPG,Corn_(maize)___Common_rust_,Corn_(maize)___Common_rust_,0.9972317814826965
Corn_(maize)___Common_rust_\RS_Rust 1784.JPG,Corn_(maize)___Common_rust_,Corn_(maize)___Common_rust_,0.9997965693473816
Corn_(maize)___Common_rust_\RS_Rust 1784_flipLR.JPG,Corn_(maize)___Common_rust_,Corn_(maize)___Common_rust_,0.9999154806137085
Corn_(maize)___Common_rust_\RS_Rust 1789.JPG,Corn_(maize)___Common_rust_,Corn_(maize)___Common_rust_,0.997229278087616
Corn_(maize)___Common_rust_\RS_Rust 1790.JPG,Corn_(maize)___Common_rust_,Corn_(maize)___Common_rust_,0.9986268281936646
Corn_(maize)___Common_rust_\RS_Rust 1792_flipLR.JPG,Corn_(maize)___Common_rust_,Corn_(maize)___Common_rust_,0.9993237257003784
Corn_(maize)___Common_rust_\RS_Rust 1795_flipLR.JPG,Corn_(maize)___Common_rust_,Corn_(maize)___Common_rust_,0.9996442794799805
Corn_(maize)___Common_rust_\RS_Rust 1803_flipLR.JPG,Corn_(maize)___Common_rust_,Corn_(maize)___Common_rust_,0.9967238306999207
Corn_(maize)___Common_rust_\RS_Rust 1805_flipLR.JPG,Corn_(maize)___Common_rust_,Corn_(maize)___Common_rust_,0.9973995685577393
Corn_(maize)___Common_rust_\RS_Rust 1806.JPG,Corn_(maize)___Common_rust_,Corn_(maize)___Common_rust_,0.9992508292198181
Corn_(maize)___Common_rust_\RS_Rust 1807_flipLR.JPG,Corn_(maize)___Common_rust_,Corn_(maize)___Common_rust_,0.9992700219154358
Corn_(maize)___Common_rust_\RS_Rust 1808_flipLR.JPG,Corn_(maize)___Common_rust_,Corn_(maize)___Common_rust_,0.9995498061180115
Corn_(maize)___Common_rust_\RS_Rust 1812.JPG,Corn_(maize)___Common_rust_,Corn_(maize)___Common_rust_,0.999904990196228
Corn_(maize)___Common_rust_\RS_Rust 1813.JPG,Corn_(maize)___Common_rust_,Corn_(maize)___Common_rust_,0.9996104836463928
Corn_(maize)___Common_rust_\RS_Rust 1815_flipLR.JPG,Corn_(maize)___Common_rust_,Corn_(maize)___Common_rust_,0.9996556043624878
Corn_(maize)___Common_rust_\RS_Rust 1819_flipLR.JPG,Corn_(maize)___Common_rust_,Corn_(maize)___Common_rust_,0.9998880624771118
Corn_(maize)___Common_rust_\RS_Rust 1822_flipLR.JPG,Corn_(maize)___Common_rust_,Corn_(maize)___Common_rust_,0.9990384578704834
Corn_(maize)___Common_rust_\RS_Rust 1829.JPG,Corn_(maize)___Common_rust_,Corn_(maize)___Common_rust_,0.9991757273674011
Corn_(maize)___Common_rust_\RS_Rust 1834_flipLR.JPG,Corn_(maize)___Common_rust_,Corn_(maize)___Common_rust_,0.999754011631012
Corn_(maize)___Common_rust_\RS_Rust 1836_flipLR.JPG,Corn_(maize)___Common_rust_,Corn_(maize)___Common_rust_,0.999508261680603
Corn_(maize)___Common_rust_\RS_Rust 1839_flipLR.JPG,Corn_(maize)___Common_rust_,Corn_(maize)___Common_rust_,0.9992270469665527
Corn_(maize)___Common_rust_\RS_Rust 1840.JPG,Corn_(maize)___Common_rust_,Corn_(maize)___Common_rust_,0.9990190267562866
Corn_(maize)___Common_rust_\RS_Rust 1840_flipLR.JPG,Corn_(maize)___Common_rust_,Corn_(maize)___Common_rust_,0.99907386302948
Corn_(maize)___Common_rust_\RS_Rust 1841.JPG,Corn_(maize)___Common_rust_,Corn_(maize)___Common_rust_,0.9926421046257019
Corn_(maize)___Common_rust_\RS_Rust 1843_flipLR.JPG,Corn_(maize)___Common_rust_,Corn_(maize)___Common_rust_,0.9970222115516663
Corn_(maize)___Common_rust_\RS_Rust 1845.JPG,Corn_(maize)___Common_rust_,Corn_(maize)___Common_rust_,0.9975243210792542
Corn_(maize)___Common_rust_\RS_Rust 1846_flipLR.JPG,Corn_(maize)___Common_rust_,Corn_(maize)___Common_rust_,0.9999526739120483
Corn_(maize)___Common_rust_\RS_Rust 1859_flipLR.JPG,Corn_(maize)___Common_rust_,Corn_(maize)___Common_rust_,0.9999856948852539
Corn_(maize)___Common_rust_\RS_Rust 1861.JPG,Corn_(maize)___Common_rust_,Corn_(maize)___Common_rust_,0.9999043941497803
Corn_(maize)___Common_rust_\RS_Rust 1865_flipLR.JPG,Corn_(maize)___Common_rust_,Corn_(maize)___Common_rust_,0.9995887875556946
Corn_(maize)___Common_rust_\RS_Rust 1870.JPG,Corn_(maize)___Common_rust_,Corn_(maize)___Common_rust_,0.997502863407135
Corn_(maize)___Common_rust_\RS_Rust 1873_flipLR.JPG,Corn_(maize)___Common_rust_,Corn_(maize)___Common_rust_,0.9998565912246704
Corn_(maize)___Common_rust_\RS_Rust 1877_flipLR.JPG,Corn_(maize)___Common_rust_,Corn_(maize)___Common_rust_,0.9990793466567993
Corn_(maize)___Common_rust_\RS_Rust 1881.JPG,Corn_(maize)___Common_rust_,Corn_(maize)___Common_rust_,0.9998806715011597
Corn_(maize)___Common_rust_\RS_Rust 1881_flipLR.JPG,Corn_(maize)___Common_rust_,Corn_(maize)___Common_rust_,0.9996834993362427
Corn_(maize)___Common_rust_\RS_Rust 1885.JPG,Corn_(maize)___Common_rust_,Corn_(maize)___Common_rust_,0.9986780285835266
Corn_(maize)___Common_rust_\RS_Rust 1886.JPG,Corn_(maize)___Common_rust_,Corn_(maize)___Common_rust_,0.9996656179428101
Corn_(maize)___Common_rust_\RS_Rust 1887.JPG,Corn_(maize)___Common_rust_,Corn_(maize)___Common_rust_,0.9997718930244446
Corn_(maize)___Common_rust_\RS_Rust 1887_flipLR.JPG,Corn_(maize)___Common_rust_,Corn_(maize)___Common_rust_,0.9991409778594971
Corn_(maize)___Common_rust_\RS_Rust 1890.JPG,Corn_(maize)___Common_rust_,Corn_(maize)___Common_rust_,0.9967819452285767
Corn_(maize)___Common_rust_\RS_Rust 1895.JPG,Corn_(maize)___Common_rust_,Corn_(maize)___Common_rust_,0.9998509883880615
Corn_(maize)___Common_rust_\RS_Rust 1897.JPG,Corn_(maize)___Common_rust_,Corn_(maize)___Common_rust_,0.9998906850814819
Corn_(maize)___Common_rust_\RS_Rust 1898.JPG,Corn_(maize)___Common_rust_,Corn_(maize)___Common_rust_,0.9993345141410828
Corn_(maize)___Common_rust_\RS_Rust 1898_flipLR.JPG,Corn_(maize)___Common_rust_,Corn_(maize)___Common_rust_,0.9996694326400757
Corn_(maize)___Common_rust_\RS_Rust 1899.JPG,Corn_(maize)___Common_rust_,Corn_(maize)___Common_rust_,0.9974045157432556
Corn_(maize)___Common_rust_\RS_Rust 1900_flipLR.JPG,Corn_(maize)___Common_rust_,Corn_(maize)___Common_rust_,0.9999839067459106
Corn_(maize)___Common_rust_\RS_Rust 1903_flipLR.JPG,Corn_(maize)___Common_rust_,Corn_(maize)___Common_rust_,0.9997645020484924
Corn_(maize)___Common_rust_\RS_Rust 1904.JPG,Corn_(maize)___Common_rust_,Corn_(maize)___Common_rust_,0.9997473359107971
Corn_(maize)___Common_rust_\RS_Rust 1908_flipLR.JPG,Corn_(maize)___Common_rust_,Corn_(maize)___Common_rust_,0.9905949831008911
Corn_(maize)___Common_rust_\RS_Rust 1910.JPG,Corn_(maize)___Common_rust_,Corn_(maize)___Common_rust_,0.9994199275970459
Corn_(maize)___Common_rust_\RS_Rust 1910_flipLR.JPG,Corn_(maize)___Common_rust_,Corn_(maize)___Common_rust_,0.9999587535858154
Corn_(maize)___Common_rust_\RS_Rust 1912_flipLR.JPG,Corn_(maize)___Common_rust_,Corn_(maize)___Common_rust_,0.9995535016059875
Corn_(maize)___Common_rust_\RS_Rust 1913.JPG,Corn_(maize)___Common_rust_,Corn_(maize)___Common_rust_,0.9987706542015076
Corn_(maize)___Common_rust_\RS_Rust 1925_flipLR.JPG,Corn_(maize)___Common_rust_,Corn_(maize)___Common_rust_,0.9998633861541748
Corn_(maize)___Common_rust_\RS_Rust 1928.JPG,Corn_(maize)___Common_rust_,Corn_(maize)___Common_rust_,0.9994649291038513
Corn_(maize)___Common_rust_\RS_Rust 1931.JPG,Corn_(maize)___Common_rust_,Corn_(maize)___Common_rust_,0.9990139007568359
Corn_(maize)___Common_rust_\RS_Rust 1934_flipLR.JPG,Corn_(maize)___Common_rust_,Corn_(maize)___Common_rust_,0.9991984963417053
Corn_(maize)___Common_rust_\RS_Rust 1938.JPG,Corn_(maize)___Common_rust_,Corn_(maize)___Common_rust_,0.9991878867149353
Corn_(maize)___Common_rust_\RS_Rust 1943_flipLR.JPG,Corn_(maize)___Common_rust_,Corn_(maize)___Common_rust_,0.9999637603759766
Corn_(maize)___Common_rust_\RS_Rust 1944_flipLR.JPG,Corn_(maize)___Common_rust_,Corn_(maize)___Common_rust_,0.9997140765190125
Corn_(maize)___Common_rust_\RS_Rust 1949.JPG,Corn_(maize)___Common_rust_,Corn_(maize)___Common_rust_,0.9978682994842529
Corn_(maize)___Common_rust_\RS_Rust 1955.JPG,Corn_(maize)___Common_rust_,Corn_(maize)___Common_rust_,0.999101996421814
Corn_(maize)___Common_rust_\RS_Rust 1957_flipLR.JPG,Corn_(maize)___Common_rust_,Corn_(maize)___Common_rust_,0.9968757629394531
Corn_(maize)___Common_rust_\RS_Rust 1962_flipLR.JPG,Corn_(maize)___Common_rust_,Corn_(maize)___Common_rust_,0.9998514652252197
Corn_(maize)___Common_rust_\RS_Rust 1964_flipLR.JPG,Corn_(maize)___Common_rust_,Corn_(maize)___Common_rust_,0.9998757839202881
Corn_(maize)___Common_rust_\RS_Rust 1965.JPG,Corn_(maize)___Common_rust_,Corn_(maize)___Common_rust_,0.9974959492683411
Corn_(maize)___Common_rust_\RS_Rust 1965_flipLR.JPG,Corn_(maize)___Common_rust_,Corn_(maize)___Common_rust_,0.9984933137893677
Corn_(maize)___Common_rust_\RS_Rust 1966_flipLR.JPG,Corn_(maize)___Common_rust_,Corn_(maize)___Common_rust_,0.9966408014297485
Corn_(maize)___Common_rust_\RS_Rust 1967.JPG,Corn_(maize)___Common_rust_,Corn_(maize)___Common_rust_,0.9995508790016174
Corn_(maize)___Common_rust_\RS_Rust 1969_flipLR.JPG,Corn_(maize)___Common_rust_,Corn_(maize)___Common_rust_,0.9997958540916443
Corn_(maize)___Common_rust_\RS_Rust 1973_flipLR.JPG,Corn_(maize)___Common_rust_,Corn_(maize)___Common_rust_,0.999504566192627
Corn_(maize)___Common_rust_\RS_Rust 1974_flipLR.JPG,Corn_(maize)___Common_rust_,Corn_(maize)___Common_rust_,0.9983030557632446
Corn_(maize)___Common_rust_\RS_Rust 1975.JPG,Corn_(maize)___Common_rust_,Corn_(maize)___Common_rust_,0.9997026324272156
Corn_(maize)___Common_rust_\RS_Rust 1977_flipLR.JPG,Corn_(maize)___Common_rust_,Corn_(maize)___Common_rust_,0.9998393058776855
Corn_(maize)___Common_rust_\RS_Rust 1981.JPG,Corn_(maize)___Common_rust_,Corn_(maize)___Common_rust_,0.9998658895492554
Corn_(maize)___Common_rust_\RS_Rust 1982_flipLR.JPG,Corn_(maize)___Common_rust_,Corn_(maize)___Common_rust_,0.9994325041770935
Corn_(maize)___Common_rust_\RS_Rust 1983.JPG,Corn_(maize)___Common_rust_,Corn_(maize)___Common_rust_,0.9979704022407532
Corn_(maize)___Common_rust_\RS_Rust 1984.JPG,Corn_(maize)___Common_rust_,Corn_(maize)___Common_rust_,0.999768078327179
Corn_(maize)___Common_rust_\RS_Rust 1988_flipLR.JPG,Corn_(maize)___Common_rust_,Corn_(maize)___Common_rust_,0.9998643398284912
Corn_(maize)___Common_rust_\RS_Rust 1989.JPG,Corn_(maize)___Common_rust_,Corn_(maize)___Common_rust_,0.9993158578872681
Corn_(maize)___Common_rust_\RS_Rust 1993_flipLR.JPG,Corn_(maize)___Common_rust_,Corn_(maize)___Common_rust_,0.9995908141136169
Corn_(maize)___Common_rust_\RS_Rust 1994.JPG,Corn_(maize)___Common_rust_,Corn_(maize)___Common_rust_,0.9986737966537476
Corn_(maize)___Common_rust_\RS_Rust 1994_flipLR.JPG,Corn_(maize)___Common_rust_,Corn_(maize)___Common_rust_,0.9997959733009338
Corn_(maize)___Common_rust_\RS_Rust 1996.JPG,Corn_(maize)___Common_rust_,Corn_(maize)___Common_rust_,0.9987176656723022
Corn_(maize)___Common_rust_\RS_Rust 1997.JPG,Corn_(maize)___Common_rust_,Corn_(maize)___Common_rust_,0.9998144507408142
Corn_(maize)___Common_rust_\RS_Rust 1998.JPG,Corn_(maize)___Common_rust_,Corn_(maize)___Common_rust_,0.9995239973068237
Corn_(maize)___Common_rust_\RS_Rust 2002_flipLR.JPG,Corn_(maize)___Common_rust_,Corn_(maize)___Common_rust_,0.9997203946113586
Corn_(maize)___Common_rust_\RS_Rust 2004.JPG,Corn_(maize)___Common_rust_,Corn_(maize)___Common_rust_,0.9994843006134033
Corn_(maize)___Common_rust_\RS_Rust 2004_flipLR.JPG,Corn_(maize)___Common_rust_,Corn_(maize)___Common_rust_,0.9995321035385132
Corn_(maize)___Common_rust_\RS_Rust 2007.JPG,Corn_(maize)___Common_rust_,Corn_(maize)___Common_rust_,0.9994527697563171
Corn_(maize)___Common_rust_\RS_Rust 2009.JPG,Corn_(maize)___Common_rust_,Corn_(maize)___Common_rust_,0.9993901252746582
Corn_(maize)___Common_rust_\RS_Rust 2010_flipLR.JPG,Corn_(maize)___Common_rust_,Corn_(maize)___Common_rust_,0.9990270137786865
Corn_(maize)___Common_rust_\RS_Rust 2012.JPG,Corn_(maize)___Common_rust_,Corn_(maize)___Common_rust_,0.9988207221031189
Corn_(maize)___Common_rust_\RS_Rust 2013.JPG,Corn_(maize)___Common_rust_,Corn_(maize)___Common_rust_,0.9985414743423462
Corn_(maize)___Common_rust_\RS_Rust 2016.JPG,Corn_(maize)___Common_rust_,Corn_(maize)___Common_rust_,0.999701201915741
Corn_(maize)___Common_rust_\RS_Rust 2016_flipLR.JPG,Corn_(maize)___Common_rust_,Corn_(maize)___Common_rust_,0.9997422099113464
Corn_(maize)___Common_rust_\RS_Rust 2021.JPG,Corn_(maize)___Common_rust_,Corn_(maize)___Common_rust_,0.9992706179618835
Corn_(maize)___Common_rust_\RS_Rust 2022.JPG,Corn_(maize)___Common_rust_,Corn_(maize)___Common_rust_,0.9990853071212769
Corn_(maize)___Common_rust_\RS_Rust 2023_flipLR.JPG,Corn_(maize)___Common_rust_,Corn_(maize)___Common_rust_,0.9977207779884338
Corn_(maize)___Common_rust_\RS_Rust 2024.JPG,Corn_(maize)___Common_rust_,Corn_(maize)___Common_rust_,0.9998660087585449
Corn_(maize)___Common_rust_\RS_Rust 2028.JPG,Corn_(maize)___Common_rust_,Corn_(maize)___Common_rust_,0.9765567779541016
Corn_(maize)___Common_rust_\RS_Rust 2029.JPG,Corn_(maize)___Common_rust_,Corn_(maize)___Common_rust_,0.9990043044090271
Corn_(maize)___Common_rust_\RS_Rust 2031_flipLR.JPG,Corn_(maize)___Common_rust_,Corn_(maize)___Common_rust_,0.9992258548736572
Corn_(maize)___Common_rust_\RS_Rust 2042.JPG,Corn_(maize)___Common_rust_,Corn_(maize)___Common_rust_,0.9985542893409729
Corn_(maize)___Common_rust_\RS_Rust 2043.JPG,Corn_(maize)___Common_rust_,Corn_(maize)___Common_rust_,0.9997238516807556
Corn_(maize)___Common_rust_\RS_Rust 2043_flipLR.JPG,Corn_(maize)___Common_rust_,Corn_(maize)___Common_rust_,0.9994717240333557
Corn_(maize)___Common_rust_\RS_Rust 2044_flipLR.JPG,Corn_(maize)___Common_rust_,Corn_(maize)___Common_rust_,0.999944806098938
Corn_(maize)___Common_rust_\RS_Rust 2045.JPG,Corn_(maize)___Common_rust_,Corn_(maize)___Common_rust_,0.999870777130127
Corn_(maize)___Common_rust_\RS_Rust 2046.JPG,Corn_(maize)___Common_rust_,Corn_(maize)___Common_rust_,0.999091386795044
Corn_(maize)___Common_rust_\RS_Rust 2049_flipLR.JPG,Corn_(maize)___Common_rust_,Corn_(maize)___Common_rust_,0.9994891881942749
Corn_(maize)___Common_rust_\RS_Rust 2054.JPG,Corn_(maize)___Common_rust_,Corn_(maize)___Common_rust_,0.99933260679245
Corn_(maize)___Common_rust_\RS_Rust 2055.JPG,Corn_(maize)___Common_rust_,Corn_(maize)___Common_rust_,0.9989475607872009
Corn_(maize)___Common_rust_\RS_Rust 2055_flipLR.JPG,Corn_(maize)___Common_rust_,Corn_(maize)___Common_rust_,0.9984617233276367
Corn_(maize)___Common_rust_\RS_Rust 2056_flipLR.JPG,Corn_(maize)___Common_rust_,Corn_(maize)___Common_rust_,0.9998570680618286
Corn_(maize)___Common_rust_\RS_Rust 2062_flipLR.JPG,Corn_(maize)___Common_rust_,Corn_(maize)___Common_rust_,0.9986782670021057
Corn_(maize)___Common_rust_\RS_Rust 2063.JPG,Corn_(maize)___Common_rust_,Corn_(maize)___Common_rust_,0.9989522695541382
Corn_(maize)___Common_rust_\RS_Rust 2063_flipLR.JPG,Corn_(maize)___Common_rust_,Corn_(maize)___Common_rust_,0.9993320107460022
Corn_(maize)___Common_rust_\RS_Rust 2064_flipLR.JPG,Corn_(maize)___Common_rust_,Corn_(maize)___Common_rust_,0.9999023675918579
Corn_(maize)___Common_rust_\RS_Rust 2066.JPG,Corn_(maize)___Common_rust_,Corn_(maize)___Common_rust_,0.99955815076828
Corn_(maize)___Common_rust_\RS_Rust 2067_flipLR.JPG,Corn_(maize)___Common_rust_,Corn_(maize)___Common_rust_,0.9998700618743896
Corn_(maize)___Common_rust_\RS_Rust 2069.JPG,Corn_(maize)___Common_rust_,Corn_(maize)___Common_rust_,0.9999243021011353
Corn_(maize)___Common_rust_\RS_Rust 2074.JPG,Corn_(maize)___Common_rust_,Corn_(maize)___Common_rust_,0.9998217225074768
Corn_(maize)___Common_rust_\RS_Rust 2078.JPG,Corn_(maize)___Common_rust_,Corn_(maize)___Common_rust_,0.9999666213989258
Corn_(maize)___Common_rust_\RS_Rust 2080.JPG,Corn_(maize)___Common_rust_,Corn_(maize)___Common_rust_,0.9986750483512878
Corn_(maize)___Common_rust_\RS_Rust 2082.JPG,Corn_(maize)___Common_rust_,Corn_(maize)___Common_rust_,0.9981876015663147
Corn_(maize)___Common_rust_\RS_Rust 2083.JPG,Corn_(maize)___Common_rust_,Corn_(maize)___Common_rust_,0.9986072182655334
Corn_(maize)___Common_rust_\RS_Rust 2091.JPG,Corn_(maize)___Common_rust_,Corn_(maize)___Common_rust_,0.9988365769386292
Corn_(maize)___Common_rust_\RS_Rust 2095.JPG,Corn_(maize)___Common_rust_,Corn_(maize)___Common_rust_,0.9997305274009705
Corn_(maize)___Common_rust_\RS_Rust 2099_flipLR.JPG,Corn_(maize)___Common_rust_,Corn_(maize)___Common_rust_,0.9971851706504822
Corn_(maize)___Common_rust_\RS_Rust 2102_flipLR.JPG,Corn_(maize)___Common_rust_,Corn_(maize)___Common_rust_,0.9999727010726929
Corn_(maize)___Common_rust_\RS_Rust 2108.JPG,Corn_(maize)___Common_rust_,Corn_(maize)___Common_rust_,0.999721348285675
Corn_(maize)___Common_rust_\RS_Rust 2108_flipLR.JPG,Corn_(maize)___Common_rust_,Corn_(maize)___Common_rust_,0.9995342493057251
Corn_(maize)___Common_rust_\RS_Rust 2117_flipLR.JPG,Corn_(maize)___Common_rust_,Corn_(maize)___Common_rust_,0.9998205304145813
Corn_(maize)___Common_rust_\RS_Rust 2120_flipLR.JPG,Corn_(maize)___Common_rust_,Corn_(maize)___Common_rust_,0.9999442100524902
Corn_(maize)___Common_rust_\RS_Rust 2125_flipLR.JPG,Corn_(maize)___Common_rust_,Corn_(maize)___Common_rust_,0.9988722205162048
Corn_(maize)___Common_rust_\RS_Rust 2127_flipLR.JPG,Corn_(maize)___Common_rust_,Corn_(maize)___Common_rust_,0.9990799427032471
Corn_(maize)___Common_rust_\RS_Rust 2129.JPG,Corn_(maize)___Common_rust_,Corn_(maize)___Common_rust_,0.9999123811721802
Corn_(maize)___Common_rust_\RS_Rust 2131_flipLR.JPG,Corn_(maize)___Common_rust_,Corn_(maize)___Common_rust_,0.9999208450317383
Corn_(maize)___Common_rust_\RS_Rust 2132_flipLR.JPG,Corn_(maize)___Common_rust_,Corn_(maize)___Common_rust_,0.9994341731071472
Corn_(maize)___Common_rust_\RS_Rust 2133_flipLR.JPG,Corn_(maize)___Common_rust_,Corn_(maize)___Common_rust_,0.9999141693115234
Corn_(maize)___Common_rust_\RS_Rust 2137_flipLR.JPG,Corn_(maize)___Common_rust_,Corn_(maize)___Common_rust_,0.999916672706604
Corn_(maize)___Common_rust_\RS_Rust 2143.JPG,Corn_(maize)___Common_rust_,Corn_(maize)___Common_rust_,0.9999825954437256
Corn_(maize)___Common_rust_\RS_Rust 2143_flipLR.JPG,Corn_(maize)___Common_rust_,Corn_(maize)___Common_rust_,0.9999827146530151
Corn_(maize)___Common_rust_\RS_Rust 2150_flipLR.JPG,Corn_(maize)___Common_rust_,Corn_(maize)___Common_rust_,0.9991150498390198
Corn_(maize)___Common_rust_\RS_Rust 2151_flipLR.JPG,Corn_(maize)___Common_rust_,Corn_(maize)___Common_rust_,0.9996635913848877
Corn_(maize)___Common_rust_\RS_Rust 2153.JPG,Corn_(maize)___Common_rust_,Corn_(maize)___Common_rust_,0.9998613595962524
Corn_(maize)___Common_rust_\RS_Rust 2155_flipLR.JPG,Corn_(maize)___Common_rust_,Corn_(maize)___Common_rust_,0.9997301697731018
Corn_(maize)___Common_rust_\RS_Rust 2157.JPG,Corn_(maize)___Common_rust_,Corn_(maize)___Common_rust_,0.999738872051239
Corn_(maize)___Common_rust_\RS_Rust 2160_flipLR.JPG,Corn_(maize)___Common_rust_,Corn_(maize)___Common_rust_,0.9999686479568481
Corn_(maize)___Common_rust_\RS_Rust 2167.JPG,Corn_(maize)___Common_rust_,Corn_(maize)___Common_rust_,0.9998513460159302
Corn_(maize)___Common_rust_\RS_Rust 2167_flipLR.JPG,Corn_(maize)___Common_rust_,Corn_(maize)___Common_rust_,0.9997890591621399
Corn_(maize)___Common_rust_\RS_Rust 2169_flipLR.JPG,Corn_(maize)___Common_rust_,Corn_(maize)___Common_rust_,0.9975631237030029
Corn_(maize)___Common_rust_\RS_Rust 2175_flipLR.JPG,Corn_(maize)___Common_rust_,Corn_(maize)___Common_rust_,0.9999676942825317
Corn_(maize)___Common_rust_\RS_Rust 2178_flipLR.JPG,Corn_(maize)___Common_rust_,Corn_(maize)___Common_rust_,0.9994575381278992
Corn_(maize)___Common_rust_\RS_Rust 2182_flipLR.JPG,Corn_(maize)___Common_rust_,Corn_(maize)___Common_rust_,0.9996694326400757
Corn_(maize)___Common_rust_\RS_Rust 2183.JPG,Corn_(maize)___Common_rust_,Corn_(maize)___Common_rust_,0.998067319393158
Corn_(maize)___Common_rust_\RS_Rust 2186_flipLR.JPG,Corn_(maize)___Common_rust_,Corn_(maize)___Common_rust_,0.9991269707679749
Corn_(maize)___Common_rust_\RS_Rust 2188.JPG,Corn_(maize)___Common_rust_,Corn_(maize)___Common_rust_,0.9995984435081482
Corn_(maize)___Common_rust_\RS_Rust 2191.JPG,Corn_(maize)___Common_rust_,Corn_(maize)___Common_rust_,0.9989932179450989
Corn_(maize)___Common_rust_\RS_Rust 2195.JPG,Corn_(maize)___Common_rust_,Corn_(maize)___Common_rust_,0.9991102814674377
Corn_(maize)___Common_rust_\RS_Rust 2199.JPG,Corn_(maize)___Common_rust_,Corn_(maize)___Common_rust_,0.9998666048049927
Corn_(maize)___Common_rust_\RS_Rust 2202.JPG,Corn_(maize)___Common_rust_,Corn_(maize)___Common_rust_,0.9993811845779419
Corn_(maize)___Common_rust_\RS_Rust 2203.JPG,Corn_(maize)___Common_rust_,Corn_(maize)___Common_rust_,0.9993593096733093
Corn_(maize)___Common_rust_\RS_Rust 2206.JPG,Corn_(maize)___Common_rust_,Corn_(maize)___Common_rust_,0.9996185302734375
Corn_(maize)___Common_rust_\RS_Rust 2216.JPG,Corn_(maize)___Common_rust_,Corn_(maize)___Common_rust_,0.9996259212493896
Corn_(maize)___Common_rust_\RS_Rust 2218.JPG,Corn_(maize)___Common_rust_,Corn_(maize)___Common_rust_,0.998521625995636
Corn_(maize)___Common_rust_\RS_Rust 2218_flipLR.JPG,Corn_(maize)___Common_rust_,Corn_(maize)___Common_rust_,0.9991918206214905
Corn_(maize)___Common_rust_\RS_Rust 2225_flipLR.JPG,Corn_(maize)___Common_rust_,Corn_(maize)___Common_rust_,0.999969482421875
Corn_(maize)___Common_rust_\RS_Rust 2231_flipLR.JPG,Corn_(maize)___Common_rust_,Corn_(maize)___Common_rust_,0.9994819760322571
Corn_(maize)___Common_rust_\RS_Rust 2232_flipLR.JPG,Corn_(maize)___Common_rust_,Corn_(maize)___Common_rust_,0.9994507431983948
Corn_(maize)___Common_rust_\RS_Rust 2234.JPG,Corn_(maize)___Common_rust_,Corn_(maize)___Common_rust_,0.9999617338180542
Corn_(maize)___Common_rust_\RS_Rust 2237_flipLR.JPG,Corn_(maize)___Common_rust_,Corn_(maize)___Common_rust_,0.998837411403656
Corn_(maize)___Common_rust_\RS_Rust 2239.JPG,Corn_(maize)___Common_rust_,Corn_(maize)___Common_rust_,0.9999206066131592
Corn_(maize)___Common_rust_\RS_Rust 2240_flipLR.JPG,Corn_(maize)___Common_rust_,Corn_(maize)___Common_rust_,0.9974390268325806
Corn_(maize)___Common_rust_\RS_Rust 2242_flipLR.JPG,Corn_(maize)___Common_rust_,Corn_(maize)___Common_rust_,0.9996877908706665
Corn_(maize)___Common_rust_\RS_Rust 2243_flipLR.JPG,Corn_(maize)___Common_rust_,Corn_(maize)___Common_rust_,0.9999527931213379
Corn_(maize)___Common_rust_\RS_Rust 2244.JPG,Corn_(maize)___Common_rust_,Corn_(maize)___Common_rust_,0.9982214570045471
Corn_(maize)___Common_rust_\RS_Rust 2246.JPG,Corn_(maize)___Common_rust_,Corn_(maize)___Common_rust_,0.9963758587837219
Corn_(maize)___Common_rust_\RS_Rust 2247_flipLR.JPG,Corn_(maize)___Common_rust_,Corn_(maize)___Common_rust_,0.999184787273407
Corn_(maize)___Common_rust_\RS_Rust 2249_flipLR.JPG,Corn_(maize)___Common_rust_,Corn_(maize)___Common_rust_,0.9999114274978638
Corn_(maize)___Common_rust_\RS_Rust 2252_flipLR.JPG,Corn_(maize)___Common_rust_,Corn_(maize)___Common_rust_,0.9989547729492188
Corn_(maize)___Common_rust_\RS_Rust 2256_flipLR.JPG,Corn_(maize)___Common_rust_,Corn_(maize)___Common_rust_,0.999567449092865
Corn_(maize)___Common_rust_\RS_Rust 2258.JPG,Corn_(maize)___Common_rust_,Corn_(maize)___Common_rust_,0.9984375834465027
Corn_(maize)___Common_rust_\RS_Rust 2260.JPG,Corn_(maize)___Common_rust_,Corn_(maize)___Common_rust_,0.9993569254875183
Corn_(maize)___Common_rust_\RS_Rust 2263_flipLR.JPG,Corn_(maize)___Common_rust_,Corn_(maize)___Common_rust_,0.9996882677078247
Corn_(maize)___Common_rust_\RS_Rust 2267_flipLR.JPG,Corn_(maize)___Common_rust_,Corn_(maize)___Common_rust_,0.9997484087944031
Corn_(maize)___Common_rust_\RS_Rust 2270.JPG,Corn_(maize)___Common_rust_,Corn_(maize)___Common_rust_,0.9982158541679382
Corn_(maize)___Common_rust_\RS_Rust 2277_flipLR.JPG,Corn_(maize)___Common_rust_,Corn_(maize)___Common_rust_,0.9994111061096191
Corn_(maize)___Common_rust_\RS_Rust 2278.JPG,Corn_(maize)___Common_rust_,Corn_(maize)___Common_rust_,0.9996036887168884
Corn_(maize)___Common_rust_\RS_Rust 2279.JPG,Corn_(maize)___Common_rust_,Corn_(maize)___Common_rust_,0.9993845224380493
Corn_(maize)___Common_rust_\RS_Rust 2279_flipLR.JPG,Corn_(maize)___Common_rust_,Corn_(maize)___Common_rust_,0.9994274377822876
Corn_(maize)___Common_rust_\RS_Rust 2280.JPG,Corn_(maize)___Common_rust_,Corn_(maize)___Common_rust_,0.9997907280921936
Corn_(maize)___Common_rust_\RS_Rust 2285_flipLR.JPG,Corn_(maize)___Common_rust_,Corn_(maize)___Common_rust_,0.9997795224189758
Corn_(maize)___Common_rust_\RS_Rust 2287.JPG,Corn_(maize)___Common_rust_,Corn_(maize)___Common_rust_,0.9991391897201538
Corn_(maize)___Common_rust_\RS_Rust 2290_flipLR.JPG,Corn_(maize)___Common_rust_,Corn_(maize)___Common_rust_,0.9982221722602844
Corn_(maize)___Common_rust_\RS_Rust 2292.JPG,Corn_(maize)___Common_rust_,Corn_(maize)___Common_rust_,0.9995394945144653
Corn_(maize)___Common_rust_\RS_Rust 2293.JPG,Corn_(maize)___Common_rust_,Corn_(maize)___Common_rust_,0.9985697269439697
Corn_(maize)___Common_rust_\RS_Rust 2303.JPG,Corn_(maize)___Common_rust_,Corn_(maize)___Common_rust_,0.999301552772522
Corn_(maize)___Common_rust_\RS_Rust 2304.JPG,Corn_(maize)___Common_rust_,Corn_(maize)___Common_rust_,0.9999868869781494
Corn_(maize)___Common_rust_\RS_Rust 2308.JPG,Corn_(maize)___Common_rust_,Corn_(maize)___Common_rust_,0.999724805355072
Corn_(maize)___Common_rust_\RS_Rust 2308_flipLR.JPG,Corn_(maize)___Common_rust_,Corn_(maize)___Common_rust_,0.9996755123138428
Corn_(maize)___Common_rust_\RS_Rust 2310_flipLR.JPG,Corn_(maize)___Common_rust_,Corn_(maize)___Common_rust_,0.9995543360710144
Corn_(maize)___Common_rust_\RS_Rust 2311.JPG,Corn_(maize)___Common_rust_,Corn_(maize)___Common_rust_,0.9990699887275696
Corn_(maize)___Common_rust_\RS_Rust 2312_flipLR.JPG,Corn_(maize)___Common_rust_,Corn_(maize)___Common_rust_,0.9967933297157288
Corn_(maize)___Common_rust_\RS_Rust 2313.JPG,Corn_(maize)___Common_rust_,Corn_(maize)___Common_rust_,0.9999593496322632
Corn_(maize)___Common_rust_\RS_Rust 2316.JPG,Corn_(maize)___Common_rust_,Corn_(maize)___Common_rust_,0.99977046251297
Corn_(maize)___Common_rust_\RS_Rust 2317.JPG,Corn_(maize)___Common_rust_,Corn_(maize)___Common_rust_,0.9991956353187561
Corn_(maize)___Common_rust_\RS_Rust 2318.JPG,Corn_(maize)___Common_rust_,Corn_(maize)___Common_rust_,0.9982934594154358
Corn_(maize)___Common_rust_\RS_Rust 2319_flipLR.JPG,Corn_(maize)___Common_rust_,Corn_(maize)___Common_rust_,0.9997643828392029
Corn_(maize)___Common_rust_\RS_Rust 2322_flipLR.JPG,Corn_(maize)___Common_rust_,Corn_(maize)___Common_rust_,0.9997984766960144
Corn_(maize)___Common_rust_\RS_Rust 2323.JPG,Corn_(maize)___Common_rust_,Corn_(maize)___Common_rust_,0.9995580315589905
Corn_(maize)___Common_rust_\RS_Rust 2327_flipLR.JPG,Corn_(maize)___Common_rust_,Corn_(maize)___Common_rust_,0.9997590184211731
Corn_(maize)___Common_rust_\RS_Rust 2328_flipLR.JPG,Corn_(maize)___Common_rust_,Corn_(maize)___Common_rust_,0.9966104626655579
Corn_(maize)___Common_rust_\RS_Rust 2329.JPG,Corn_(maize)___Common_rust_,Corn_(maize)___Common_rust_,0.9999028444290161
Corn_(maize)___Common_rust_\RS_Rust 2330.JPG,Corn_(maize)___Common_rust_,Corn_(maize)___Common_rust_,0.9999070167541504
Corn_(maize)___Common_rust_\RS_Rust 2330_flipLR.JPG,Corn_(maize)___Common_rust_,Corn_(maize)___Common_rust_,0.9999130964279175
Corn_(maize)___Common_rust_\RS_Rust 2335_flipLR.JPG,Corn_(maize)___Common_rust_,Corn_(maize)___Common_rust_,0.9993507266044617
Corn_(maize)___Common_rust_\RS_Rust 2344.JPG,Corn_(maize)___Common_rust_,Corn_(maize)___Common_rust_,0.9997056126594543
Corn_(maize)___Common_rust_\RS_Rust 2353.JPG,Corn_(maize)___Common_rust_,Corn_(maize)___Common_rust_,0.9995110034942627
Corn_(maize)___Common_rust_\RS_Rust 2354.JPG,Corn_(maize)___Common_rust_,Corn_(maize)___Common_rust_,0.996410071849823
Corn_(maize)___Common_rust_\RS_Rust 2354_flipLR.JPG,Corn_(maize)___Common_rust_,Corn_(maize)___Common_rust_,0.9993278980255127
Corn_(maize)___Common_rust_\RS_Rust 2357.JPG,Corn_(maize)___Common_rust_,Corn_(maize)___Common_rust_,0.9969801306724548
Corn_(maize)___Common_rust_\RS_Rust 2360.JPG,Corn_(maize)___Common_rust_,Corn_(maize)___Common_rust_,0.9996572732925415
Corn_(maize)___Common_rust_\RS_Rust 2361.JPG,Corn_(maize)___Common_rust_,Corn_(maize)___Common_rust_,0.9992603659629822
Corn_(maize)___Common_rust_\RS_Rust 2362.JPG,Corn_(maize)___Common_rust_,Corn_(maize)___Common_rust_,0.9980992674827576
Corn_(maize)___Common_rust_\RS_Rust 2363_flipLR.JPG,Corn_(maize)___Common_rust_,Corn_(maize)___Common_rust_,0.9990864992141724
Corn_(maize)___Common_rust_\RS_Rust 2364.JPG,Corn_(maize)___Common_rust_,Corn_(maize)___Common_rust_,0.9993361830711365
Corn_(maize)___Common_rust_\RS_Rust 2367.JPG,Corn_(maize)___Common_rust_,Corn_(maize)___Common_rust_,0.9991589784622192
Corn_(maize)___Common_rust_\RS_Rust 2370_flipLR.JPG,Corn_(maize)___Common_rust_,Corn_(maize)___Common_rust_,0.9987698197364807
Corn_(maize)___Common_rust_\RS_Rust 2371_flipLR.JPG,Corn_(maize)___Common_rust_,Corn_(maize)___Common_rust_,0.9998542070388794
Corn_(maize)___Common_rust_\RS_Rust 2376.JPG,Corn_(maize)___Common_rust_,Corn_(maize)___Common_rust_,0.9999364614486694
Corn_(maize)___Common_rust_\RS_Rust 2377_flipLR.JPG,Corn_(maize)___Common_rust_,Corn_(maize)___Common_rust_,0.9972355961799622
Corn_(maize)___Common_rust_\RS_Rust 2378.JPG,Corn_(maize)___Common_rust_,Corn_(maize)___Common_rust_,0.9994997978210449
Corn_(maize)___Common_rust_\RS_Rust 2378_flipLR.JPG,Corn_(maize)___Common_rust_,Corn_(maize)___Common_rust_,0.9986880421638489
Corn_(maize)___Common_rust_\RS_Rust 2382.JPG,Corn_(maize)___Common_rust_,Corn_(maize)___Common_rust_,0.9996190071105957
Corn_(maize)___Common_rust_\RS_Rust 2386_flipLR.JPG,Corn_(maize)___Common_rust_,Corn_(maize)___Common_rust_,0.9997623562812805
Corn_(maize)___Common_rust_\RS_Rust 2389.JPG,Corn_(maize)___Common_rust_,Corn_(maize)___Common_rust_,0.9999139308929443
Corn_(maize)___Common_rust_\RS_Rust 2392.JPG,Corn_(maize)___Common_rust_,Corn_(maize)___Common_rust_,0.9999222755432129
Corn_(maize)___Common_rust_\RS_Rust 2393_flipLR.JPG,Corn_(maize)___Common_rust_,Corn_(maize)___Common_rust_,0.9999685287475586
Corn_(maize)___Common_rust_\RS_Rust 2396.JPG,Corn_(maize)___Common_rust_,Corn_(maize)___Common_rust_,0.9999053478240967
Corn_(maize)___Common_rust_\RS_Rust 2398.JPG,Corn_(maize)___Common_rust_,Corn_(maize)___Common_rust_,0.9966981410980225
Corn_(maize)___Common_rust_\RS_Rust 2402_flipLR.JPG,Corn_(maize)___Common_rust_,Corn_(maize)___Common_rust_,0.9999047517776489
Corn_(maize)___Common_rust_\RS_Rust 2404.JPG,Corn_(maize)___Common_rust_,Corn_(maize)___Common_rust_,0.9993867874145508
Corn_(maize)___Common_rust_\RS_Rust 2405_flipLR.JPG,Corn_(maize)___Common_rust_,Corn_(maize)___Common_rust_,0.9988246560096741
Corn_(maize)___Common_rust_\RS_Rust 2410.JPG,Corn_(maize)___Common_rust_,Corn_(maize)___Common_rust_,0.9999090433120728
Corn_(maize)___Common_rust_\RS_Rust 2410_flipLR.JPG,Corn_(maize)___Common_rust_,Corn_(maize)___Common_rust_,0.9999094009399414
Corn_(maize)___Common_rust_\RS_Rust 2411_flipLR.JPG,Corn_(maize)___Common_rust_,Corn_(maize)___Common_rust_,0.9994068145751953
Corn_(maize)___Common_rust_\RS_Rust 2412_flipLR.JPG,Corn_(maize)___Common_rust_,Corn_(maize)___Common_rust_,0.9999101161956787
Corn_(maize)___Common_rust_\RS_Rust 2413_flipLR.JPG,Corn_(maize)___Common_rust_,Corn_(maize)___Common_rust_,0.9999585151672363
Corn_(maize)___Common_rust_\RS_Rust 2414.JPG,Corn_(maize)___Common_rust_,Corn_(maize)___Common_rust_,0.9993828535079956
Corn_(maize)___Common_rust_\RS_Rust 2414_flipLR.JPG,Corn_(maize)___Common_rust_,Corn_(maize)___Common_rust_,0.9990550875663757
Corn_(maize)___Common_rust_\RS_Rust 2417.JPG,Corn_(maize)___Common_rust_,Corn_(maize)___Common_rust_,0.9996907711029053
Corn_(maize)___Common_rust_\RS_Rust 2425_flipLR.JPG,Corn_(maize)___Common_rust_,Corn_(maize)___Common_rust_,0.9996098875999451
Corn_(maize)___Common_rust_\RS_Rust 2426_flipLR.JPG,Corn_(maize)___Common_rust_,Corn_(maize)___Common_rust_,0.9999434947967529
Corn_(maize)___Common_rust_\RS_Rust 2427.JPG,Corn_(maize)___Common_rust_,Corn_(maize)___Common_rust_,0.9996519088745117
Corn_(maize)___Common_rust_\RS_Rust 2428_flipLR.JPG,Corn_(maize)___Common_rust_,Corn_(maize)___Common_rust_,0.9993756413459778
Corn_(maize)___Common_rust_\RS_Rust 2429.JPG,Corn_(maize)___Common_rust_,Corn_(maize)___Common_rust_,0.9988921284675598
Corn_(maize)___Common_rust_\RS_Rust 2436_flipLR.JPG,Corn_(maize)___Common_rust_,Corn_(maize)___Common_rust_,0.9990909099578857
Corn_(maize)___Common_rust_\RS_Rust 2440.JPG,Corn_(maize)___Common_rust_,Corn_(maize)___Common_rust_,0.9984523057937622
Corn_(maize)___Common_rust_\RS_Rust 2443_flipLR.JPG,Corn_(maize)___Common_rust_,Corn_(maize)___Common_rust_,0.9998300075531006
Corn_(maize)___Common_rust_\RS_Rust 2446.JPG,Corn_(maize)___Common_rust_,Corn_(maize)___Common_rust_,0.9994087219238281
Corn_(maize)___Common_rust_\RS_Rust 2446_flipLR.JPG,Corn_(maize)___Common_rust_,Corn_(maize)___Common_rust_,0.9998214840888977
Corn_(maize)___Common_rust_\RS_Rust 2457.JPG,Corn_(maize)___Common_rust_,Corn_(maize)___Common_rust_,0.9995915293693542
Corn_(maize)___Common_rust_\RS_Rust 2461.JPG,Corn_(maize)___Common_rust_,Corn_(maize)___Common_rust_,0.9998134970664978
Corn_(maize)___Common_rust_\RS_Rust 2463_flipLR.JPG,Corn_(maize)___Common_rust_,Corn_(maize)___Common_rust_,0.9954867959022522
Corn_(maize)___Common_rust_\RS_Rust 2464_flipLR.JPG,Corn_(maize)___Common_rust_,Corn_(maize)___Common_rust_,0.9994742274284363
Corn_(maize)___Common_rust_\RS_Rust 2468.JPG,Corn_(maize)___Common_rust_,Corn_(maize)___Common_rust_,0.9952163696289062
Corn_(maize)___Common_rust_\RS_Rust 2469_flipLR.JPG,Corn_(maize)___Common_rust_,Corn_(maize)___Common_rust_,0.9974702596664429
Corn_(maize)___Common_rust_\RS_Rust 2471.JPG,Corn_(maize)___Common_rust_,Corn_(maize)___Common_rust_,0.9995793700218201
Corn_(maize)___Common_rust_\RS_Rust 2471_flipLR.JPG,Corn_(maize)___Common_rust_,Corn_(maize)___Common_rust_,0.9995535016059875
Corn_(maize)___Common_rust_\RS_Rust 2477_flipLR.JPG,Corn_(maize)___Common_rust_,Corn_(maize)___Common_rust_,0.999734103679657
Corn_(maize)___Common_rust_\RS_Rust 2479_flipLR.JPG,Corn_(maize)___Common_rust_,Corn_(maize)___Common_rust_,0.9975615739822388
Corn_(maize)___Common_rust_\RS_Rust 2481_flipLR.JPG,Corn_(maize)___Common_rust_,Corn_(maize)___Common_rust_,0.9983007311820984
Corn_(maize)___Common_rust_\RS_Rust 2484.JPG,Corn_(maize)___Common_rust_,Corn_(maize)___Common_rust_,0.9997538924217224
Corn_(maize)___Common_rust_\RS_Rust 2486.JPG,Corn_(maize)___Common_rust_,Corn_(maize)___Common_rust_,0.9988034963607788
Corn_(maize)___Common_rust_\RS_Rust 2489_flipLR.JPG,Corn_(maize)___Common_rust_,Corn_(maize)___Common_rust_,0.9988829493522644
Corn_(maize)___Common_rust_\RS_Rust 2491.JPG,Corn_(maize)___Common_rust_,Corn_(maize)___Common_rust_,0.9993343949317932
Corn_(maize)___Common_rust_\RS_Rust 2491_flipLR.JPG,Corn_(maize)___Common_rust_,Corn_(maize)___Common_rust_,0.9997734427452087
Corn_(maize)___Common_rust_\RS_Rust 2495_flipLR.JPG,Corn_(maize)___Common_rust_,Corn_(maize)___Common_rust_,0.9995771050453186
Corn_(maize)___Common_rust_\RS_Rust 2498.JPG,Corn_(maize)___Common_rust_,Corn_(maize)___Common_rust_,0.999567449092865
Corn_(maize)___Common_rust_\RS_Rust 2503.JPG,Corn_(maize)___Common_rust_,Corn_(maize)___Common_rust_,0.9997598528862
Corn_(maize)___Common_rust_\RS_Rust 2507_flipLR.JPG,Corn_(maize)___Common_rust_,Corn_(maize)___Common_rust_,0.9988542795181274
Corn_(maize)___Common_rust_\RS_Rust 2510.JPG,Corn_(maize)___Common_rust_,Corn_(maize)___Common_rust_,0.9999610185623169
Corn_(maize)___Common_rust_\RS_Rust 2512_flipLR.JPG,Corn_(maize)___Common_rust_,Corn_(maize)___Common_rust_,0.9989493489265442
Corn_(maize)___Common_rust_\RS_Rust 2513.JPG,Corn_(maize)___Common_rust_,Corn_(maize)___Common_rust_,0.999625563621521
Corn_(maize)___Common_rust_\RS_Rust 2513_flipLR.JPG,Corn_(maize)___Common_rust_,Corn_(maize)___Common_rust_,0.9986618757247925
Corn_(maize)___Common_rust_\RS_Rust 2514.JPG,Corn_(maize)___Common_rust_,Corn_(maize)___Common_rust_,0.9999520778656006
Corn_(maize)___Common_rust_\RS_Rust 2514_flipLR.JPG,Corn_(maize)___Common_rust_,Corn_(maize)___Common_rust_,0.9999524354934692
Corn_(maize)___Common_rust_\RS_Rust 2515.JPG,Corn_(maize)___Common_rust_,Corn_(maize)___Common_rust_,0.9999537467956543
Corn_(maize)___Common_rust_\RS_Rust 2515_flipLR.JPG,Corn_(maize)___Common_rust_,Corn_(maize)___Common_rust_,0.9999592304229736
Corn_(maize)___Common_rust_\RS_Rust 2516_flipLR.JPG,Corn_(maize)___Common_rust_,Corn_(maize)___Common_rust_,0.9995406866073608
Corn_(maize)___Common_rust_\RS_Rust 2518.JPG,Corn_(maize)___Common_rust_,Corn_(maize)___Common_rust_,0.9989548921585083
Corn_(maize)___Common_rust_\RS_Rust 2518_flipLR.JPG,Corn_(maize)___Common_rust_,Corn_(maize)___Common_rust_,0.9971342086791992
Corn_(maize)___Common_rust_\RS_Rust 2520.JPG,Corn_(maize)___Common_rust_,Corn_(maize)___Common_rust_,0.9942377805709839
Corn_(maize)___Common_rust_\RS_Rust 2521.JPG,Corn_(maize)___Common_rust_,Corn_(maize)___Common_rust_,0.9993508458137512
Corn_(maize)___Common_rust_\RS_Rust 2527_flipLR.JPG,Corn_(maize)___Common_rust_,Corn_(maize)___Common_rust_,0.9995356798171997
Corn_(maize)___Common_rust_\RS_Rust 2531_flipLR.JPG,Corn_(maize)___Common_rust_,Corn_(maize)___Common_rust_,0.9999058246612549
Corn_(maize)___Common_rust_\RS_Rust 2541_flipLR.JPG,Corn_(maize)___Common_rust_,Corn_(maize)___Common_rust_,0.9991798996925354
Corn_(maize)___Common_rust_\RS_Rust 2542_flipLR.JPG,Corn_(maize)___Common_rust_,Corn_(maize)___Common_rust_,0.9997445940971375
Corn_(maize)___Common_rust_\RS_Rust 2546.JPG,Corn_(maize)___Common_rust_,Corn_(maize)___Common_rust_,0.999402642250061
Corn_(maize)___Common_rust_\RS_Rust 2546_flipLR.JPG,Corn_(maize)___Common_rust_,Corn_(maize)___Common_rust_,0.9994737505912781
Corn_(maize)___Common_rust_\RS_Rust 2552_flipLR.JPG,Corn_(maize)___Common_rust_,Corn_(maize)___Common_rust_,0.9984812140464783
Corn_(maize)___Common_rust_\RS_Rust 2561_flipLR.JPG,Corn_(maize)___Common_rust_,Corn_(maize)___Common_rust_,0.9999401569366455
Corn_(maize)___Common_rust_\RS_Rust 2562.JPG,Corn_(maize)___Common_rust_,Corn_(maize)___Common_rust_,0.9993044137954712
Corn_(maize)___Common_rust_\RS_Rust 2562_flipLR.JPG,Corn_(maize)___Common_rust_,Corn_(maize)___Common_rust_,0.9995242357254028
Corn_(maize)___Common_rust_\RS_Rust 2564.JPG,Corn_(maize)___Common_rust_,Corn_(maize)___Common_rust_,0.9916476011276245
Corn_(maize)___Common_rust_\RS_Rust 2566_flipLR.JPG,Corn_(maize)___Common_rust_,Corn_(maize)___Common_rust_,0.99982088804245
Corn_(maize)___Common_rust_\RS_Rust 2573.JPG,Corn_(maize)___Common_rust_,Corn_(maize)___Common_rust_,0.9979360103607178
Corn_(maize)___Common_rust_\RS_Rust 2574_flipLR.JPG,Corn_(maize)___Common_rust_,Corn_(maize)___Common_rust_,0.9982295632362366
Corn_(maize)___Common_rust_\RS_Rust 2575.JPG,Corn_(maize)___Common_rust_,Corn_(maize)___Common_rust_,0.9956498742103577
Corn_(maize)___Common_rust_\RS_Rust 2579.JPG,Corn_(maize)___Common_rust_,Corn_(maize)___Common_rust_,0.9997774958610535
Corn_(maize)___Common_rust_\RS_Rust 2585.JPG,Corn_(maize)___Common_rust_,Corn_(maize)___Common_rust_,0.999313235282898
Corn_(maize)___Common_rust_\RS_Rust 2590.JPG,Corn_(maize)___Common_rust_,Corn_(maize)___Common_rust_,0.9996583461761475
Corn_(maize)___Common_rust_\RS_Rust 2592_flipLR.JPG,Corn_(maize)___Common_rust_,Corn_(maize)___Common_rust_,0.9998817443847656
Corn_(maize)___Common_rust_\RS_Rust 2595.JPG,Corn_(maize)___Common_rust_,Corn_(maize)___Common_rust_,0.9986876845359802
Corn_(maize)___Common_rust_\RS_Rust 2595_flipLR.JPG,Corn_(maize)___Common_rust_,Corn_(maize)___Common_rust_,0.9983329176902771
Corn_(maize)___Common_rust_\RS_Rust 2596.JPG,Corn_(maize)___Common_rust_,Corn_(maize)___Common_rust_,0.9993246793746948
Corn_(maize)___Common_rust_\RS_Rust 2596_flipLR.JPG,Corn_(maize)___Common_rust_,Corn_(maize)___Common_rust_,0.9984612464904785
Corn_(maize)___Common_rust_\RS_Rust 2606_flipLR.JPG,Corn_(maize)___Common_rust_,Corn_(maize)___Common_rust_,0.9996764659881592
Corn_(maize)___Common_rust_\RS_Rust 2607.JPG,Corn_(maize)___Common_rust_,Corn_(maize)___Common_rust_,0.998434841632843
Corn_(maize)___Common_rust_\RS_Rust 2608_flipLR.JPG,Corn_(maize)___Common_rust_,Corn_(maize)___Common_rust_,0.9996953010559082
Corn_(maize)___Common_rust_\RS_Rust 2609.JPG,Corn_(maize)___Common_rust_,Corn_(maize)___Common_rust_,0.9991393089294434
Corn_(maize)___Common_rust_\RS_Rust 2609_flipLR.JPG,Corn_(maize)___Common_rust_,Corn_(maize)___Common_rust_,0.9991865754127502
Corn_(maize)___Common_rust_\RS_Rust 2613.JPG,Corn_(maize)___Common_rust_,Corn_(maize)___Common_rust_,0.9999241828918457
Corn_(maize)___Common_rust_\RS_Rust 2613_flipLR.JPG,Corn_(maize)___Common_rust_,Corn_(maize)___Common_rust_,0.9998358488082886
Corn_(maize)___Common_rust_\RS_Rust 2619.JPG,Corn_(maize)___Common_rust_,Corn_(maize)___Common_rust_,0.9951176643371582
Corn_(maize)___Common_rust_\RS_Rust 2622.JPG,Corn_(maize)___Common_rust_,Corn_(maize)___Common_rust_,0.9989455342292786
Corn_(maize)___Common_rust_\RS_Rust 2622_flipLR.JPG,Corn_(maize)___Common_rust_,Corn_(maize)___Common_rust_,0.9986326098442078
Corn_(maize)___Common_rust_\RS_Rust 2623.JPG,Corn_(maize)___Common_rust_,Corn_(maize)___Common_rust_,0.9990981817245483
Corn_(maize)___Common_rust_\RS_Rust 2623_flipLR.JPG,Corn_(maize)___Common_rust_,Corn_(maize)___Common_rust_,0.9992817044258118
Corn_(maize)___Common_rust_\RS_Rust 2626.JPG,Corn_(maize)___Common_rust_,Corn_(maize)___Common_rust_,0.9995110034942627
Corn_(maize)___Common_rust_\RS_Rust 2629.JPG,Corn_(maize)___Common_rust_,Corn_(maize)___Common_rust_,0.998400866985321
Corn_(maize)___Common_rust_\RS_Rust 2630.JPG,Corn_(maize)___Common_rust_,Corn_(maize)___Common_rust_,0.9985384941101074
Corn_(maize)___Common_rust_\RS_Rust 2630_flipLR.JPG,Corn_(maize)___Common_rust_,Corn_(maize)___Common_rust_,0.9986311793327332
Corn_(maize)___Common_rust_\RS_Rust 2632.JPG,Corn_(maize)___Common_rust_,Corn_(maize)___Common_rust_,0.9997387528419495
Corn_(maize)___Common_rust_\RS_Rust 2636_flipLR.JPG,Corn_(maize)___Common_rust_,Corn_(maize)___Common_rust_,0.9958069324493408
Corn_(maize)___Common_rust_\RS_Rust 2637.JPG,Corn_(maize)___Common_rust_,Corn_(maize)___Common_rust_,0.9998194575309753
Corn_(maize)___Common_rust_\RS_Rust 2637_flipLR.JPG,Corn_(maize)___Common_rust_,Corn_(maize)___Common_rust_,0.9998990297317505
Corn_(maize)___Common_rust_\RS_Rust 2638_flipLR.JPG,Corn_(maize)___Common_rust_,Corn_(maize)___Common_rust_,0.9999654293060303
Corn_(maize)___Common_rust_\RS_Rust 2643.JPG,Corn_(maize)___Common_rust_,Corn_(maize)___Common_rust_,0.9993544220924377
Corn_(maize)___Common_rust_\RS_Rust 2644.JPG,Corn_(maize)___Common_rust_,Corn_(maize)___Common_rust_,0.9985735416412354
Corn_(maize)___Common_rust_\RS_Rust 2645.JPG,Corn_(maize)___Common_rust_,Corn_(maize)___Common_rust_,0.9977649450302124
Corn_(maize)___Common_rust_\RS_Rust 2646_flipLR.JPG,Corn_(maize)___Common_rust_,Corn_(maize)___Common_rust_,0.9997203946113586
Corn_(maize)___Common_rust_\RS_Rust 2647_flipLR.JPG,Corn_(maize)___Common_rust_,Corn_(maize)___Common_rust_,0.9995402097702026
Corn_(maize)___Common_rust_\RS_Rust 2649_flipLR.JPG,Corn_(maize)___Common_rust_,Corn_(maize)___Common_rust_,0.9998631477355957
Corn_(maize)___Common_rust_\RS_Rust 2650.JPG,Corn_(maize)___Common_rust_,Corn_(maize)___Common_rust_,0.9980995059013367
Corn_(maize)___Common_rust_\RS_Rust 2653.JPG,Corn_(maize)___Common_rust_,Corn_(maize)___Common_rust_,0.998782217502594
Corn_(maize)___Common_rust_\RS_Rust 2661.JPG,Corn_(maize)___Common_rust_,Corn_(maize)___Common_rust_,0.9994968175888062
Corn_(maize)___Common_rust_\RS_Rust 2662_flipLR.JPG,Corn_(maize)___Common_rust_,Corn_(maize)___Common_rust_,0.9990068078041077
Corn_(maize)___Common_rust_\RS_Rust 2665_flipLR.JPG,Corn_(maize)___Common_rust_,Corn_(maize)___Common_rust_,0.9998255372047424
Corn_(maize)___Common_rust_\RS_Rust 2666_flipLR.JPG,Corn_(maize)___Common_rust_,Corn_(maize)___Common_rust_,0.9998586177825928
Corn_(maize)___Common_rust_\RS_Rust 2667.JPG,Corn_(maize)___Common_rust_,Corn_(maize)___Common_rust_,0.9996501207351685
Corn_(maize)___Common_rust_\RS_Rust 2672_flipLR.JPG,Corn_(maize)___Common_rust_,Corn_(maize)___Common_rust_,0.9993047714233398
Corn_(maize)___Common_rust_\RS_Rust 2679.JPG,Corn_(maize)___Common_rust_,Corn_(maize)___Common_rust_,0.998822033405304
Corn_(maize)___Common_rust_\RS_Rust 2684.JPG,Corn_(maize)___Common_rust_,Corn_(maize)___Common_rust_,0.999768078327179
Corn_(maize)___Common_rust_\RS_Rust 2684_flipLR.JPG,Corn_(maize)___Common_rust_,Corn_(maize)___Common_rust_,0.9992868304252625
Corn_(maize)___Common_rust_\RS_Rust 2688_flipLR.JPG,Corn_(maize)___Common_rust_,Corn_(maize)___Common_rust_,0.9991482496261597
Corn_(maize)___Common_rust_\RS_Rust 2693_flipLR.JPG,Corn_(maize)___Common_rust_,Corn_(maize)___Common_rust_,0.9995666146278381
Corn_(maize)___Common_rust_\RS_Rust 2694_flipLR.JPG,Corn_(maize)___Common_rust_,Corn_(maize)___Common_rust_,0.9996798038482666
Corn_(maize)___Common_rust_\RS_Rust 2698_flipLR.JPG,Corn_(maize)___Common_rust_,Corn_(maize)___Common_rust_,0.9995054006576538
Corn_(maize)___Common_rust_\RS_Rust 2700_flipLR.JPG,Corn_(maize)___Common_rust_,Corn_(maize)___Common_rust_,0.9991151690483093
Corn_(maize)___Common_rust_\RS_Rust 2705_flipLR.JPG,Corn_(maize)___Common_rust_,Corn_(maize)___Common_rust_,0.9999638795852661
Corn_(maize)___Common_rust_\RS_Rust 2706_flipLR.JPG,Corn_(maize)___Common_rust_,Corn_(maize)___Common_rust_,0.9998089671134949
Corn_(maize)___Common_rust_\RS_Rust 2707.JPG,Corn_(maize)___Common_rust_,Corn_(maize)___Common_rust_,0.999813973903656
Corn_(maize)___Common_rust_\RS_Rust 2709.JPG,Corn_(maize)___Common_rust_,Corn_(maize)___Common_rust_,0.9999344348907471
Corn_(maize)___Common_rust_\RS_Rust 2711_flipLR.JPG,Corn_(maize)___Common_rust_,Corn_(maize)___Common_rust_,0.9995570778846741
Corn_(maize)___Common_rust_\RS_Rust 2715.JPG,Corn_(maize)___Common_rust_,Corn_(maize)___Common_rust_,0.9955316781997681
Corn_(maize)___Common_rust_\RS_Rust 2716_flipLR.JPG,Corn_(maize)___Common_rust_,Corn_(maize)___Common_rust_,0.9998788833618164
Corn_(maize)___Common_rust_\RS_Rust 2717.JPG,Corn_(maize)___Common_rust_,Corn_(maize)___Common_rust_,0.9998726844787598
Corn_(maize)___Common_rust_\RS_Rust 2722.JPG,Corn_(maize)___Common_rust_,Corn_(maize)___Common_rust_,0.9989911913871765
Corn_(maize)___Common_rust_\RS_Rust 2723_flipLR.JPG,Corn_(maize)___Common_rust_,Corn_(maize)___Common_rust_,0.9993438124656677
Corn_(maize)___Common_rust_\RS_Rust 2725.JPG,Corn_(maize)___Common_rust_,Corn_(maize)___Common_rust_,0.9999289512634277
Corn_(maize)___Common_rust_\RS_Rust 2730.JPG,Corn_(maize)___Common_rust_,Corn_(maize)___Common_rust_,0.9995903372764587
Corn_(maize)___Common_rust_\RS_Rust 2735.JPG,Corn_(maize)___Common_rust_,Corn_(maize)___Common_rust_,0.9951527118682861
Corn_(maize)___Common_rust_\RS_Rust 2735_flipLR.JPG,Corn_(maize)___Common_rust_,Corn_(maize)___Common_rust_,0.9980002045631409
Corn_(maize)___Common_rust_\RS_Rust 2737.JPG,Corn_(maize)___Common_rust_,Corn_(maize)___Common_rust_,0.9951326251029968
Corn_(maize)___Common_rust_\RS_Rust 2740_flipLR.JPG,Corn_(maize)___Common_rust_,Corn_(maize)___Common_rust_,0.9998921155929565
Corn_(maize)___Common_rust_\RS_Rust 2745_flipLR.JPG,Corn_(maize)___Common_rust_,Corn_(maize)___Common_rust_,0.9994828701019287
Corn_(maize)___Common_rust_\RS_Rust 2749.JPG,Corn_(maize)___Common_rust_,Corn_(maize)___Common_rust_,0.9994660019874573
Corn_(maize)___Common_rust_\RS_Rust 2751.JPG,Corn_(maize)___Common_rust_,Corn_(maize)___Common_rust_,0.9996236562728882
Corn_(maize)___Common_rust_\RS_Rust 2753_flipLR.JPG,Corn_(maize)___Common_rust_,Corn_(maize)___Common_rust_,0.9990454316139221
Corn_(maize)___Common_rust_\RS_Rust 2756_flipLR.JPG,Corn_(maize)___Common_rust_,Corn_(maize)___Common_rust_,0.999244213104248
Corn_(maize)___Common_rust_\RS_Rust 2761_flipLR.JPG,Corn_(maize)___Common_rust_,Corn_(maize)___Common_rust_,0.995395839214325
Corn_(maize)___Common_rust_\RS_Rust 2767.JPG,Corn_(maize)___Common_rust_,Corn_(maize)___Common_rust_,0.99869304895401
Corn_(maize)___Common_rust_\RS_Rust 2768_flipLR.JPG,Corn_(maize)___Common_rust_,Corn_(maize)___Common_rust_,0.9997844099998474
Corn_(maize)___Common_rust_\RS_Rust 2769.JPG,Corn_(maize)___Common_rust_,Corn_(maize)___Common_rust_,0.9974130988121033
